{
	"format_version": "1.8.0",
	"animations": {
		"animation.ac_130h.idle": {
			"loop": true
		},
		"animation.ac_130h.gear_up": {
			"loop": "hold_on_last_frame",
			"animation_length": 1,
			"bones": {
				"door1": {
					"position": {
						"0.0": [0, 0, 0],
						"0.4917": [0, 0, 0],
						"0.775": [0, 3.76, -23.4],
						"0.8917": [0, 5, -30],
						"1.0": [0, 7, -30]
					}
				},
				"wheel1": {
					"rotation": {
						"0.0": [0, 0, 0],
						"0.5167": [120, 0, 0]
					}
				},
				"door2": {
					"rotation": {
						"0.0": [0, 0, 0],
						"1.0": [0, 0, 60]
					}
				},
				"wheel2": {
					"position": {
						"0.0": [0, 0, 0],
						"1.0": [0, 39, 0]
					}
				},
				"door3": {
					"rotation": {
						"0.0": [0, 0, 0],
						"1.0": [0, 0, -60]
					}
				}
			}
		},
		"animation.ac_130h.gear_down": {
			"loop": "hold_on_last_frame",
			"animation_length": 1,
			"bones": {
				"door1": {
					"position": {
						"0.0": [0, 7, -30],
						"0.1083": [0, 5, -30],
						"0.225": [0, 3.76, -23.4],
						"0.5083": [0, 0, 0],
						"1.0": [0, 0, 0]
					}
				},
				"wheel1": {
					"rotation": {
						"0.4833": [120, 0, 0],
						"1.0": [0, 0, 0]
					}
				},
				"door2": {
					"rotation": {
						"0.0": [0, 0, 60],
						"1.0": [0, 0, 0]
					}
				},
				"wheel2": {
					"position": {
						"0.0": [0, 39, 0],
						"1.0": [0, 0, 0]
					}
				},
				"door3": {
					"rotation": {
						"0.0": [0, 0, -60],
						"1.0": [0, 0, 0]
					}
				}
			}
		},
		"animation.m61.fire": {
			"loop": "hold_on_last_frame",
			"animation_length": 1.3083,
			"bones": {
				"rot_barrel": {
					"rotation": {
						"0.0": [0, 0, 0],
						"0.0083": [0, 0, -289.56644],
						"0.0167": [0, 0, -372.05409],
						"0.025": [0, 0, -429.59471],
						"0.0333": [0, 0, -477.01332],
						"0.0417": [0, 0, -518.89487],
						"0.05": [0, 0, -557.27957],
						"0.0583": [0, 0, -593.26174],
						"0.0667": [0, 0, -627.49456],
						"0.075": [0, 0, -660.40183],
						"0.0833": [0, 0, -692.27],
						"0.0917": [0, 0, -715.9777],
						"0.1": [0, 0, -738.75644],
						"0.1083": [0, 0, -760.59758],
						"0.1167": [0, 0, -781.49488],
						"0.125": [0, 0, -801.4325],
						"0.1333": [0, 0, -820.41995],
						"0.1417": [0, 0, -838.45032],
						"0.15": [0, 0, -855.5315],
						"0.1583": [0, 0, -871.6653],
						"0.1667": [0, 0, -886.86948],
						"0.175": [0, 0, -901.14809],
						"0.1833": [0, 0, -914.52604],
						"0.1917": [0, 0, -927.02495],
						"0.2": [0, 0, -938.66578],
						"0.2083": [0, 0, -949.478],
						"0.2167": [0, 0, -959.49643],
						"0.225": [0, 0, -968.75624],
						"0.2333": [0, 0, -977.29574],
						"0.2417": [0, 0, -985.15224],
						"0.25": [0, 0, -992.37362],
						"0.2583": [0, 0, -999.00547],
						"0.2667": [0, 0, -1005.09497],
						"0.275": [0, 0, -1010.68884],
						"0.2833": [0, 0, -1015.83617],
						"0.2917": [0, 0, -1020.58829],
						"0.3": [0, 0, -1024.99394],
						"0.3083": [0, 0, -1029.09953],
						"0.3167": [0, 0, -1032.95585],
						"0.325": [0, 0, -1036.60751],
						"0.3333": [0, 0, -1040.1006],
						"0.375": [0, 0, -1056.62484],
						"0.3833": [0, 0, -1060],
						"0.3917": [0, 0, -1063.27747],
						"0.4": [0, 0, -1066.2834],
						"0.4083": [0, 0, -1069.03499],
						"0.4167": [0, 0, -1071.54808],
						"0.425": [0, 0, -1073.83708],
						"0.4333": [0, 0, -1075.91486],
						"0.4417": [0, 0, -1077.79477],
						"0.45": [0, 0, -1079.48861],
						"0.4583": [0, 0, -1081.00738],
						"0.4667": [0, 0, -1082.36063],
						"0.475": [0, 0, -1083.55741],
						"0.4833": [0, 0, -1084.60811],
						"0.4917": [0, 0, -1085.52068],
						"0.5": [0, 0, -1086.30225],
						"0.5083": [0, 0, -1086.96212],
						"0.5167": [0, 0, -1087.50605],
						"0.525": [0, 0, -1087.94195],
						"0.5583": [0, 0, -1088.73191],
						"0.6": [0, 0, -1088.01762],
						"0.7083": [0, 0, -1081.84563],
						"0.7417": [0, 0, -1080]
					}
				},
				"flare": {
					"scale": {
						"0.0": [0, 0, 0],
						"0.0083": [8, 8, 8],
						"0.05": [11, 11, 11],
						"0.075": [1, 1, 1],
						"0.0917": [0, 0, 0],
						"0.15": [0, 0, 0]
					}
				},
				"rot_barrel2": {
					"rotation": {
						"0.0": [0, 0, 0],
						"0.0083": [0, 0, -289.56644],
						"0.0167": [0, 0, -372.05409],
						"0.025": [0, 0, -429.59471],
						"0.0333": [0, 0, -477.01332],
						"0.0417": [0, 0, -518.89487],
						"0.05": [0, 0, -557.27957],
						"0.0583": [0, 0, -593.26174],
						"0.0667": [0, 0, -627.49456],
						"0.075": [0, 0, -660.40183],
						"0.0833": [0, 0, -692.27],
						"0.0917": [0, 0, -715.9777],
						"0.1": [0, 0, -738.75644],
						"0.1083": [0, 0, -760.59758],
						"0.1167": [0, 0, -781.49488],
						"0.125": [0, 0, -801.4325],
						"0.1333": [0, 0, -820.41995],
						"0.1417": [0, 0, -838.45032],
						"0.15": [0, 0, -855.5315],
						"0.1583": [0, 0, -871.6653],
						"0.1667": [0, 0, -886.86948],
						"0.175": [0, 0, -901.14809],
						"0.1833": [0, 0, -914.52604],
						"0.1917": [0, 0, -927.02495],
						"0.2": [0, 0, -938.66578],
						"0.2083": [0, 0, -949.478],
						"0.2167": [0, 0, -959.49643],
						"0.225": [0, 0, -968.75624],
						"0.2333": [0, 0, -977.29574],
						"0.2417": [0, 0, -985.15224],
						"0.25": [0, 0, -992.37362],
						"0.2583": [0, 0, -999.00547],
						"0.2667": [0, 0, -1005.09497],
						"0.275": [0, 0, -1010.68884],
						"0.2833": [0, 0, -1015.83617],
						"0.2917": [0, 0, -1020.58829],
						"0.3": [0, 0, -1024.99394],
						"0.3083": [0, 0, -1029.09953],
						"0.3167": [0, 0, -1032.95585],
						"0.325": [0, 0, -1036.60751],
						"0.3333": [0, 0, -1040.1006],
						"0.375": [0, 0, -1056.62484],
						"0.3833": [0, 0, -1060],
						"0.3917": [0, 0, -1063.27747],
						"0.4": [0, 0, -1066.2834],
						"0.4083": [0, 0, -1069.03499],
						"0.4167": [0, 0, -1071.54808],
						"0.425": [0, 0, -1073.83708],
						"0.4333": [0, 0, -1075.91486],
						"0.4417": [0, 0, -1077.79477],
						"0.45": [0, 0, -1079.48861],
						"0.4583": [0, 0, -1081.00738],
						"0.4667": [0, 0, -1082.36063],
						"0.475": [0, 0, -1083.55741],
						"0.4833": [0, 0, -1084.60811],
						"0.4917": [0, 0, -1085.52068],
						"0.5": [0, 0, -1086.30225],
						"0.5083": [0, 0, -1086.96212],
						"0.5167": [0, 0, -1087.50605],
						"0.525": [0, 0, -1087.94195],
						"0.5583": [0, 0, -1088.73191],
						"0.6": [0, 0, -1088.01762],
						"0.7083": [0, 0, -1081.84563],
						"0.7417": [0, 0, -1080]
					}
				},
				"flare2": {
					"scale": {
						"0.0": [0, 0, 0],
						"0.0083": [8, 8, 8],
						"0.05": [11, 11, 11],
						"0.075": [1, 1, 1],
						"0.0917": [0, 0, 0],
						"0.15": [0, 0, 0]
					}
				}
			}
		},
		"animation.m61.idle": {
			"loop": true,
			"animation_length": 0.25,
			"bones": {
				"flare": {
					"scale": 0
				},
				"flare2": {
					"scale": 0
				}
			}
		},
		"animation.bofors.idle": {
			"loop": true,
			"animation_length": 0.25,
			"bones": {
				"flare3": {
					"scale": 0
				}
			}
		},
		"animation.bofors.fire": {
			"loop": true,
			"animation_length": 0.3833,
			"bones": {
				"barrelAction": {
					"position": {
						"0.0": [0, 0, 0],
						"0.0417": {
							"pre": [0, 0, 6.1],
							"post": [0, 0, 6.1],
							"lerp_mode": "catmullrom"
						},
						"0.1": {
							"post": [0, 0, 6.26563],
							"lerp_mode": "catmullrom"
						},
						"0.1833": [0, 0, 3],
						"0.275": [0, 0, 0]
					}
				},
				"flare3": {
					"scale": {
						"0.0": [0, 0, 0],
						"0.0083": [8, 8, 8],
						"0.05": [11, 11, 11],
						"0.075": [1, 1, 1],
						"0.0917": [0, 0, 0],
						"0.15": [0, 0, 0]
					}
				}
			}
		},
		"animation.m102.idle": {
			"animation_length": 0.25,
			"bones": {
				"flare4": {
					"scale": 0
				}
			}
		},
		"animation.m102.fire": {
			"animation_length": 0.75,
			"bones": {
				"move": {
					"position": {
						"0.0": {
							"post": [0, 0, 0],
							"lerp_mode": "catmullrom"
						},
						"0.0167": {
							"post": [0, 0, 4],
							"lerp_mode": "catmullrom"
						},